{
    "$schema": "https://schema.management.azure.com/schemas/2015-01-01/deploymentTemplate.json#",
    "contentVersion": "1.0.0.0",
    "parameters": {
        "storageNamePrefix": {
            "type": "string",
            "maxLength": 11,
            "defaultValue": "storage",
            "metadata": {
                "description": "The value to use for starting the storage account name."
            }
        },
        "storageSKU": {
            "type": "string",
            "allowedValues": [
                "Standard_LRS",
                "Standard_ZRS",
                "Standard_GRS",
                "Standard_RAGRS",
                "Premium_LRS"
            ],
            "defaultValue": "Standard_LRS",
            "metadata": {
                "description": "The type of replication to use for the storage account."
            }
        }
    },
    "variables": {
        "storageAccountName": "[concat(parameters('storageNamePrefix'), uniqueString(resourceGroup().id))]"
    },
    "resources": [{
        "type": "Microsoft.Storage/storageAccounts",
        "name": "[variables('storageAccountName')]",
        "apiVersion": "2016-01-01",
        "location": "[resourceGroup().location]",
        "sku": {
            "name": "[parameters('storageSKU')]"
        },
        "kind": "Storage",
        "properties": {       
        }
    }],
    "outputs": {      
    }
}