{
    "$schema": "https://schema.management.azure.com/schemas/2015-01-01/deploymentTemplate.json#",
    "contentVersion": "1.0.0.0",
    "parameters": {
        "storageAccountName": {
            "type": "string"
        },
        "applianceDefinitionId": {
            "type": "string"
        },
        "managedByResourceGroup": {
            "type": "string"
        },
        "applianceName": {
            "type": "string"
        }
    },
    "variables": {            
    },
    "resources": [{
        "type": "Microsoft.Solutions/appliances",
        "name": "[parameters('applianceName')]",
        "apiVersion": "2016-09-01-preview",
        "location": "[resourceGroup().location]",
        "kind": "ServiceCatalog",
        "properties": {
            "managedResourceGroupId": "[parameters('managedByResourceGroup')]",
            "applianceDefinitionId": "[parameters('applianceDefinitionId')]",
            "parameters": {
                "storageAccountName": {
                    "value": "[parameters('storageAccountName')]"
                },
                "storageSKU": {
                    "value": "Standard_LRS"
                }
            }
        }
    }]
}